Username,City,Department,DisplayName,GivenName,Surname,EmailAddress,UserPrincipalName
tbueller,Denver,IT,Thad,Thad,Bueller,ThadBueller@healthcare1.com,ThadBueller@healthcare1.com
msunshine,Denver,IT,Melissa,Melissa,Sunshine,MelissaSunshine@healthcare1.com,MelissaSunshine@healthcare1.com
ePerna,Denver,IT,Elisha,Elisha,Perna,ElishaPerna@healthcare1.com,ElishaPerna@healthcare1.com
cKeleher,Denver,IT,Cori,Cori,Keleher,CoriKeleher@healthcare1.com,CoriKeleher@healthcare1.com
dMabee,Denver,IT,Dawn,Dawn,Mabee,DawnMabee@healthcare1.com,DawnMabee@healthcare1.com
sLaguardia,Denver,IT,Shanta,Shanta,Laguardia,ShantaLaguardia@healthcare1.com,ShantaLaguardia@healthcare1.com
aTubman,Denver,IT,Adelina,Adelina,Tubman,AdelinaTubman@healthcare1.com,AdelinaTubman@healthcare1.com
cClapper,Denver,IT,Catherine,Catherine,Clapper,CatherineClapper@healthcare1.com,CatherineClapper@healthcare1.com
aLudden,Denver,IT,Arnette,Arnette,Ludden,ArnetteLudden@healthcare1.com,ArnetteLudden@healthcare1.com
mSpagnoli,Denver,IT,Majorie,Majorie,Spagnoli,MajorieSpagnoli@healthcare1.com,MajorieSpagnoli@healthcare1.com
jAdmire,Denver,IT,Jacque,Jacque,Admire,JacqueAdmire@healthcare1.com,JacqueAdmire@healthcare1.com
cWade,Denver,IT,Columbus,Columbus,Wade,ColumbusWade@healthcare1.com,ColumbusWade@healthcare1.com
cSchaal,Denver,IT,Caren,Caren,Schaal,CarenSchaal@healthcare1.com,CarenSchaal@healthcare1.com
aLothrop,Denver,IT,Aretha,Aretha,Lothrop,ArethaLothrop@healthcare1.com,ArethaLothrop@healthcare1.com
aAbe,Denver,IT,Akiko,Akiko,Abe,AkikoAbe@healthcare1.com,AkikoAbe@healthcare1.com
aBoese,Denver,IT,Arlyne,Arlyne,Boese,ArlyneBoese@healthcare1.com,ArlyneBoese@healthcare1.com
lSierra,Denver,IT,Letisha,Letisha,Sierra,LetishaSierra@healthcare1.com,LetishaSierra@healthcare1.com
tStanko,Denver,HR,Tania,Tania,Stanko,TaniaStanko@healthcare1.com,TaniaStanko@healthcare1.com
bKittel,Denver,HR,Bessie,Bessie,Kittel,BessieKittel@healthcare1.com,BessieKittel@healthcare1.com
cCain,Denver,HR,Cory,Cory,Cain,CoryCain@healthcare1.com,CoryCain@healthcare1.com
bDetty,Denver,HR,Brianne,Brianne,Detty,BrianneDetty@healthcare1.com,BrianneDetty@healthcare1.com
fSangster,Denver,HR,Faviola,Faviola,Sangster,FaviolaSangster@healthcare1.com,FaviolaSangster@healthcare1.com
jCaba,Denver,HR,Jacalyn,Jacalyn,Caba,JacalynCaba@healthcare1.com,JacalynCaba@healthcare1.com
mFairley,Denver,HR,Melany,Melany,Fairley,MelanyFairley@healthcare1.com,MelanyFairley@healthcare1.com
gKuehl,Denver,HR,Gustavo,Gustavo,Kuehl,GustavoKuehl@healthcare1.com,GustavoKuehl@healthcare1.com
tMertens,Denver,HR,Tamara,Tamara,Mertens,TamaraMertens@healthcare1.com,TamaraMertens@healthcare1.com
bBurwell,Denver,HR,Bud,Bud,Burwell,BudBurwell@healthcare1.com,BudBurwell@healthcare1.com
sLamkin,Denver,HR,Shoshana,Shoshana,Lamkin,ShoshanaLamkin@healthcare1.com,ShoshanaLamkin@healthcare1.com
cGary,Denver,HR,Cesar,Cesar,Gary,CesarGary@healthcare1.com,CesarGary@healthcare1.com
jMister,Denver,HR,Jesus,Jesus,Mister,JesusMister@healthcare1.com,JesusMister@healthcare1.com
oScipio,Denver,HR,Orlando,Orlando,Scipio,OrlandoScipio@healthcare1.com,OrlandoScipio@healthcare1.com
fOxford,Denver,HR,Francoise,Francoise,Oxford,FrancoiseOxford@healthcare1.com,FrancoiseOxford@healthcare1.com
vAwong,Denver,HR,Vena,Vena,Awong,VenaAwong@healthcare1.com,VenaAwong@healthcare1.com
aVerdin,Denver,HR,Alline,Alline,Verdin,AllineVerdin@healthcare1.com,AllineVerdin@healthcare1.com
sDyess,Denver,HR,Shawnda,Shawnda,Dyess,ShawndaDyess@healthcare1.com,ShawndaDyess@healthcare1.com
bFelt,Denver,HR,Bobbi,Bobbi,Felt,BobbiFelt@healthcare1.com,BobbiFelt@healthcare1.com
jLaurent,Denver,HR,Jacquline,Jacquline,Laurent,JacqulineLaurent@healthcare1.com,JacqulineLaurent@healthcare1.com
rDickison,Denver,HR,Rupert,Rupert,Dickison,RupertDickison@healthcare1.com,RupertDickison@healthcare1.com
mDambrosio,Denver,HR,Maryann,Maryann,Dambrosio,MaryannDambrosio@healthcare1.com,MaryannDambrosio@healthcare1.com
cSnover,Denver,HR,Cyndi,Cyndi,Snover,CyndiSnover@healthcare1.com,CyndiSnover@healthcare1.com
nFryer,Denver,HR,Nery,Nery,Fryer,NeryFryer@healthcare1.com,NeryFryer@healthcare1.com
aWash,Denver,Business Systems,Ayesha,Ayesha,Wash,AyeshaWash@healthcare1.com,AyeshaWash@healthcare1.com
tLadson,Denver,Business Systems,Toni,Toni,Ladson,ToniLadson@healthcare1.com,ToniLadson@healthcare1.com
cCushenberry,Denver,Business Systems,Clifton,Clifton,Cushenberry,CliftonCushenberry@healthcare1.com,CliftonCushenberry@healthcare1.com
cWessner,Denver,Business Systems,Caterina,Caterina,Wessner,CaterinaWessner@healthcare1.com,CaterinaWessner@healthcare1.com
kAhrens,Denver,Business Systems,Kassie,Kassie,Ahrens,KassieAhrens@healthcare1.com,KassieAhrens@healthcare1.com
mHershberger,Denver,Business Systems,Marg,Marg,Hershberger,MargHershberger@healthcare1.com,MargHershberger@healthcare1.com
kRivett,Denver,Business Systems,Karleen,Karleen,Rivett,KarleenRivett@healthcare1.com,KarleenRivett@healthcare1.com
mErtl,Denver,Business Systems,Margot,Margot,Ertl,MargotErtl@healthcare1.com,MargotErtl@healthcare1.com
wSirois,Denver,Business Systems,Will,Will,Sirois,WillSirois@healthcare1.com,WillSirois@healthcare1.com
aHagberg,Denver,Business Systems,Alethea,Alethea,Hagberg,AletheaHagberg@healthcare1.com,AletheaHagberg@healthcare1.com
aKidwell,Denver,Business Systems,Alene,Alene,Kidwell,AleneKidwell@healthcare1.com,AleneKidwell@healthcare1.com
